<?xml version="1.0" encoding="UTF-8" standalone="no"?>
  <raml xmlns="raml21.xsd" version="2.1">
    <cmData id="3221225472" scope="all" type="plan">
      <header>
        <log action="created" appInfo="Nokia Siemens Networks BTS Site Manager" appVersion="LNT3.1" dateTime="2012-11-05T14:13:57" user="dashi"/>
      </header>
      <managedObject class="MRBTS" distName="MRBTS-147" operation="create" version="LNT3.1">
        <list name="passUnitList"></list>
        <list name="unitList">
          <item>
            <p name="primaryConnection">None</p>
            <p name="prodCode">472181A</p>
            <p name="unitName">FSM</p>
            <p name="unitNumber">1</p>
            <p name="variant">F</p>
          </item>
          <item>
            <p name="primaryConnection">SMOD1-IF1</p>
            <p name="prodCode">RRU3158-fa</p>
            <p name="unitName">FR</p>
            <p name="unitNumber">1</p>
            <p name="variant">FA</p>
          </item>
        </list>
        <p name="actEthernetSec">false</p>
        <p name="autoConfBlocked">false</p>
        <p name="commissioningRequired">false</p>
        <p name="resetToTestDedicated">false</p>
        <p name="timeZone">(GMT+8) Asia/Shanghai</p>
      </managedObject>
      <managedObject class="ANTL" distName="MRBTS-147/ANTL-1" operation="create" version="LNT3.0">
        <p name="additionalRxGain">0</p>
        <p name="alDcVoltageEnabled">false</p>
        <p name="antId">ANT1</p>
        <p name="antennaRoundTripDelay">45</p>
        <p name="antennaTotalLoss">-30</p>
        <p name="communication3gppEnabled">false</p>
        <p name="feederVoltage">Automatic</p>
        <p name="rModId">1</p>
        <p name="ulDelay">0</p>
      </managedObject>
      <managedObject class="ANTL" distName="MRBTS-147/ANTL-2" operation="create" version="LNT3.0">
        <p name="additionalRxGain">0</p>
        <p name="alDcVoltageEnabled">false</p>
        <p name="antId">ANT2</p>
        <p name="antennaRoundTripDelay">45</p>
        <p name="antennaTotalLoss">-30</p>
        <p name="communication3gppEnabled">false</p>
        <p name="feederVoltage">Automatic</p>
        <p name="rModId">1</p>
        <p name="ulDelay">0</p>
      </managedObject>
      <managedObject class="ANTL" distName="MRBTS-147/ANTL-3" operation="create" version="LNT3.0">
        <p name="additionalRxGain">0</p>
        <p name="alDcVoltageEnabled">false</p>
        <p name="antId">ANT3</p>
        <p name="antennaRoundTripDelay">45</p>
        <p name="antennaTotalLoss">-30</p>
        <p name="communication3gppEnabled">false</p>
        <p name="feederVoltage">Automatic</p>
        <p name="rModId">1</p>
        <p name="ulDelay">0</p>
      </managedObject>
      <managedObject class="ANTL" distName="MRBTS-147/ANTL-4" operation="create" version="LNT3.0">
        <p name="additionalRxGain">0</p>
        <p name="alDcVoltageEnabled">false</p>
        <p name="antId">ANT4</p>
        <p name="antennaRoundTripDelay">45</p>
        <p name="antennaTotalLoss">-30</p>
        <p name="communication3gppEnabled">false</p>
        <p name="feederVoltage">Automatic</p>
        <p name="rModId">1</p>
        <p name="ulDelay">0</p>
      </managedObject>
      <managedObject class="ANTL" distName="MRBTS-147/ANTL-5" operation="create" version="LNT3.0">
        <p name="additionalRxGain">0</p>
        <p name="alDcVoltageEnabled">false</p>
        <p name="antId">ANT5</p>
        <p name="antennaRoundTripDelay">45</p>
        <p name="antennaTotalLoss">-30</p>
        <p name="communication3gppEnabled">false</p>
        <p name="feederVoltage">Automatic</p>
        <p name="rModId">1</p>
        <p name="ulDelay">0</p>
      </managedObject>
      <managedObject class="ANTL" distName="MRBTS-147/ANTL-6" operation="create" version="LNT3.0">
        <p name="additionalRxGain">0</p>
        <p name="alDcVoltageEnabled">false</p>
        <p name="antId">ANT6</p>
        <p name="antennaRoundTripDelay">45</p>
        <p name="antennaTotalLoss">-30</p>
        <p name="communication3gppEnabled">false</p>
        <p name="feederVoltage">Automatic</p>
        <p name="rModId">1</p>
        <p name="ulDelay">0</p>
      </managedObject>
      <managedObject class="ANTL" distName="MRBTS-147/ANTL-7" operation="create" version="LNT3.0">
        <p name="additionalRxGain">0</p>
        <p name="alDcVoltageEnabled">false</p>
        <p name="antId">ANT7</p>
        <p name="antennaRoundTripDelay">45</p>
        <p name="antennaTotalLoss">-30</p>
        <p name="communication3gppEnabled">false</p>
        <p name="feederVoltage">Automatic</p>
        <p name="rModId">1</p>
        <p name="ulDelay">0</p>
      </managedObject>
      <managedObject class="ANTL" distName="MRBTS-147/ANTL-8" operation="create" version="LNT3.0">
        <p name="additionalRxGain">0</p>
        <p name="alDcVoltageEnabled">false</p>
        <p name="antId">ANT8</p>
        <p name="antennaRoundTripDelay">45</p>
        <p name="antennaTotalLoss">-30</p>
        <p name="communication3gppEnabled">false</p>
        <p name="feederVoltage">Automatic</p>
        <p name="rModId">1</p>
        <p name="ulDelay">0</p>
      </managedObject>
      <managedObject class="BTSSCL" distName="MRBTS-147/BTSSCL-1" operation="create" version="LNT3.0">
        <list name="alToggSuppList"></list>
        <p name="bbuHotellingMode">notUsed</p>
        <p name="btsId">147</p>
        <p name="btsName">BLUEBIRD</p>
        <p name="btsSyncMode">PhaseSync</p>
        <p name="ext1ppsClkOutOn">false</p>
        <p name="ext2M048ClkOutOn">false</p>
        <p name="gpsCableLength">30m</p>
        <p name="gpsInUse">true</p>
        <p name="gpsTotalAntennaLineDelay">0</p>
        <p name="holdOverModeUsed">true</p>
        <p name="ppsTimingOffset">0</p>
        <p name="syncPropagationEnabled">false</p>
      </managedObject>
      <managedObject class="LCELL" distName="MRBTS-147/BTSSCL-1/LCELL-1" operation="create" version="LNT3.0">
        <list name="resourceList">
          <item>
            <p name="antlId">1</p>
            <p name="txRxUsage">TXRX</p>
          </item>
          <item>
            <p name="antlId">2</p>
            <p name="txRxUsage">TXRX</p>
          </item>
          <item>
            <p name="antlId">3</p>
            <p name="txRxUsage">TXRX</p>
          </item>
          <item>
            <p name="antlId">4</p>
            <p name="txRxUsage">TXRX</p>
          </item>
          <item>
            <p name="antlId">5</p>
            <p name="txRxUsage">TXRX</p>
          </item>
          <item>
            <p name="antlId">6</p>
            <p name="txRxUsage">TXRX</p>
          </item>
          <item>
            <p name="antlId">7</p>
            <p name="txRxUsage">TXRX</p>
          </item>
          <item>
            <p name="antlId">8</p>
            <p name="txRxUsage">TXRX</p>
          </item>
        </list>
      </managedObject>
      <managedObject class="LNBTS" distName="MRBTS-147/LNBTS-147" operation="create" version="LNT3.0">
        <list name="amRlcPBTab1">
          <item>
            <p name="dlPollByte">25kB</p>
            <p name="ueCategory">1</p>
            <p name="ulPollByte">50kB</p>
          </item>
        </list>
        <list name="amRlcPBTab2">
          <item>
            <p name="dlPollByte">125kB</p>
            <p name="ueCategory">2</p>
            <p name="ulPollByte">250kB</p>
          </item>
        </list>
        <list name="amRlcPBTab3">
          <item>
            <p name="dlPollByte">250kB</p>
            <p name="ueCategory">3</p>
            <p name="ulPollByte">500kB</p>
          </item>
        </list>
        <list name="amRlcPBTab4">
          <item>
            <p name="dlPollByte">250kB</p>
            <p name="ueCategory">4</p>
            <p name="ulPollByte">750kB</p>
          </item>
        </list>
        <list name="amRlcPBTab5">
          <item>
            <p name="dlPollByte">375kB</p>
            <p name="ueCategory">5</p>
            <p name="ulPollByte">1000kB</p>
          </item>
        </list>
        <list name="cipherPrefL">
          <item>
            <p name="eea0">1</p>
            <p name="eea1">8</p>
            <p name="eea2">9</p>
            <p name="eea3">8</p>
          </item>
        </list>
        <list name="integrityPrefL">
          <item>
            <p name="eia0">1</p>
            <p name="eia1">9</p>
            <p name="eia2">9</p>
            <p name="eia3">8</p>
          </item>
        </list>
        <list name="pdcpProf1">
          <item>
            <p name="pdcpProfileId">1</p>
            <p name="statusRepReq">3</p>
            <p name="tDiscard">750ms</p>
          </item>
        </list>
        <list name="pdcpProf101">
          <item>
            <p name="pdcpProfileId">101</p>
            <p name="rohcMaxCid">4</p>
            <p name="snSize">7bit</p>
            <p name="tDiscard">100ms</p>
          </item>
        </list>
        <list name="pdcpProf102">
          <item>
            <p name="pdcpProfileId">102</p>
            <p name="snSize">7bit</p>
            <p name="tDiscard">150ms</p>
          </item>
        </list>
        <list name="pdcpProf103">
          <item>
            <p name="pdcpProfileId">103</p>
            <p name="snSize">12bit</p>
            <p name="tDiscard">100ms</p>
          </item>
        </list>
        <list name="pdcpProf104">
          <item>
            <p name="pdcpProfileId">104</p>
            <p name="snSize">12bit</p>
            <p name="tDiscard">500ms</p>
          </item>
        </list>
        <list name="pdcpProf2">
          <item>
            <p name="pdcpProfileId">2</p>
            <p name="statusRepReq">3</p>
            <p name="tDiscard">750ms</p>
          </item>
        </list>
        <list name="pdcpProf3">
          <item>
            <p name="pdcpProfileId">3</p>
            <p name="statusRepReq">3</p>
            <p name="tDiscard">750ms</p>
          </item>
        </list>
        <list name="pdcpProf4">
          <item>
            <p name="pdcpProfileId">4</p>
            <p name="statusRepReq">3</p>
            <p name="tDiscard">750ms</p>
          </item>
        </list>
        <list name="pdcpProf5">
          <item>
            <p name="pdcpProfileId">5</p>
            <p name="statusRepReq">3</p>
            <p name="tDiscard">750ms</p>
          </item>
        </list>
        <list name="qciTab1">
          <item>
            <p name="delayTarget">80ms</p>
            <p name="drxProfileIndex">2</p>
            <p name="dscp">46</p>
            <p name="enforceTtiBundling">true</p>
            <p name="lcgid">1</p>
            <p name="maxGbrDl">31</p>
            <p name="maxGbrUl">31</p>
            <p name="pdcpProfIdx">101</p>
            <p name="prio">2</p>
            <p name="qci">1</p>
            <p name="qciSupp">ENABLE</p>
            <p name="resType">GBR</p>
            <p name="rlcMode">RLC_UM</p>
            <p name="rlcProfIdx">101</p>
            <p name="schedulBSD">100ms</p>
            <p name="schedulPrio">5</p>
          </item>
        </list>
        <list name="qciTab2">
          <item>
            <p name="delayTarget">80ms</p>
            <p name="drxProfileIndex">2</p>
            <p name="dscp">46</p>
            <p name="enforceTtiBundling">true</p>
            <p name="l2OHFactorDL">16</p>
            <p name="l2OHFactorUL">35</p>
            <p name="lcgid">2</p>
            <p name="maxGbrDl">144</p>
            <p name="maxGbrUl">144</p>
            <p name="pdcpProfIdx">102</p>
            <p name="prio">4</p>
            <p name="qci">2</p>
            <p name="qciSupp">ENABLE</p>
            <p name="resType">GBR</p>
            <p name="rlcMode">RLC_UM</p>
            <p name="rlcProfIdx">102</p>
            <p name="schedulBSD">100ms</p>
            <p name="schedulPrio">7</p>
          </item>
        </list>
        <list name="qciTab3">
          <item>
            <p name="delayTarget">80ms</p>
            <p name="drxProfileIndex">2</p>
            <p name="dscp">46</p>
            <p name="enforceTtiBundling">true</p>
            <p name="l2OHFactorDL">16</p>
            <p name="l2OHFactorUL">35</p>
            <p name="lcgid">2</p>
            <p name="maxGbrDl">128</p>
            <p name="maxGbrUl">64</p>
            <p name="pdcpProfIdx">103</p>
            <p name="prio">3</p>
            <p name="qci">3</p>
            <p name="qciSupp">ENABLE</p>
            <p name="resType">GBR</p>
            <p name="rlcMode">RLC_UM</p>
            <p name="rlcProfIdx">103</p>
            <p name="schedulBSD">100ms</p>
            <p name="schedulPrio">6</p>
          </item>
        </list>
        <list name="qciTab4">
          <item>
            <p name="delayTarget">300ms</p>
            <p name="drxProfileIndex">2</p>
            <p name="dscp">46</p>
            <p name="enforceTtiBundling">true</p>
            <p name="l2OHFactorDL">16</p>
            <p name="l2OHFactorUL">35</p>
            <p name="lcgid">2</p>
            <p name="maxGbrDl">320</p>
            <p name="maxGbrUl">32</p>
            <p name="pdcpProfIdx">2</p>
            <p name="prio">5</p>
            <p name="qci">4</p>
            <p name="qciSupp">ENABLE</p>
            <p name="resType">GBR</p>
            <p name="rlcMode">RLC_AM</p>
            <p name="rlcProfIdx">2</p>
            <p name="schedulBSD">300ms</p>
            <p name="schedulPrio">8</p>
          </item>
        </list>
        <list name="qciTab5">
          <item>
            <p name="drxProfileIndex">3</p>
            <p name="dscp">34</p>
            <p name="enforceTtiBundling">false</p>
            <p name="lcgid">0</p>
            <p name="pdcpProfIdx">1</p>
            <p name="prio">1</p>
            <p name="qci">5</p>
            <p name="qciSupp">ENABLE</p>
            <p name="resType">nonGBR</p>
            <p name="rlcMode">RLC_AM</p>
            <p name="rlcProfIdx">1</p>
            <p name="schedulBSD">100ms</p>
            <p name="schedulPrio">9</p>
            <p name="schedulType">SIGNALLING</p>
            <p name="schedulWeight">40</p>
          </item>
        </list>
        <list name="qciTab6">
          <item>
            <p name="drxProfileIndex">3</p>
            <p name="dscp">18</p>
            <p name="enforceTtiBundling">false</p>
            <p name="lcgid">3</p>
            <p name="pdcpProfIdx">2</p>
            <p name="prio">6</p>
            <p name="qci">6</p>
            <p name="qciSupp">ENABLE</p>
            <p name="resType">nonGBR</p>
            <p name="rlcMode">RLC_AM</p>
            <p name="rlcProfIdx">2</p>
            <p name="schedulBSD">300ms</p>
            <p name="schedulPrio">9</p>
            <p name="schedulWeight">20</p>
          </item>
        </list>
        <list name="qciTab7">
          <item>
            <p name="drxProfileIndex">3</p>
            <p name="dscp">20</p>
            <p name="enforceTtiBundling">false</p>
            <p name="lcgid">2</p>
            <p name="pdcpProfIdx">1</p>
            <p name="prio">7</p>
            <p name="qci">7</p>
            <p name="qciSupp">ENABLE</p>
            <p name="resType">nonGBR</p>
            <p name="rlcMode">RLC_AM</p>
            <p name="rlcProfIdx">1</p>
            <p name="schedulBSD">100ms</p>
            <p name="schedulPrio">10</p>
            <p name="schedulWeight">10</p>
          </item>
        </list>
        <list name="qciTab8">
          <item>
            <p name="drxProfileIndex">3</p>
            <p name="dscp">10</p>
            <p name="enforceTtiBundling">false</p>
            <p name="lcgid">3</p>
            <p name="pdcpProfIdx">2</p>
            <p name="prio">8</p>
            <p name="qci">8</p>
            <p name="qciSupp">ENABLE</p>
            <p name="resType">nonGBR</p>
            <p name="rlcMode">RLC_AM</p>
            <p name="rlcProfIdx">2</p>
            <p name="schedulBSD">300ms</p>
            <p name="schedulPrio">11</p>
            <p name="schedulWeight">5</p>
          </item>
        </list>
        <list name="qciTab9">
          <item>
            <p name="drxProfileIndex">3</p>
            <p name="dscp">0</p>
            <p name="enforceTtiBundling">false</p>
            <p name="lcgid">3</p>
            <p name="pdcpProfIdx">2</p>
            <p name="prio">9</p>
            <p name="qci">9</p>
            <p name="qciSupp">ENABLE</p>
            <p name="resType">nonGBR</p>
            <p name="rlcMode">RLC_AM</p>
            <p name="rlcProfIdx">2</p>
            <p name="schedulBSD">300ms</p>
            <p name="schedulPrio">12</p>
            <p name="schedulWeight">1</p>
          </item>
        </list>
        <list name="rlcProf1">
          <item>
            <p name="pollPdu">64</p>
            <p name="rlcProfileId">1</p>
            <p name="tPollRetr">120ms</p>
            <p name="tProhib">50ms</p>
            <p name="tReord">50ms</p>
          </item>
        </list>
        <list name="rlcProf101">
          <item>
            <p name="rlcProfileId">101</p>
            <p name="snFieldLengthDL">5bit</p>
            <p name="snFieldLengthUL">5bit</p>
            <p name="tReord">50ms</p>
          </item>
        </list>
        <list name="rlcProf102">
          <item>
            <p name="rlcProfileId">102</p>
            <p name="snFieldLengthDL">5bit</p>
            <p name="snFieldLengthUL">5bit</p>
            <p name="tReord">50ms</p>
          </item>
        </list>
        <list name="rlcProf103">
          <item>
            <p name="rlcProfileId">103</p>
            <p name="snFieldLengthDL">10bit</p>
            <p name="snFieldLengthUL">10bit</p>
            <p name="tReord">50ms</p>
          </item>
        </list>
        <list name="rlcProf104">
          <item>
            <p name="rlcProfileId">104</p>
            <p name="snFieldLengthDL">10bit</p>
            <p name="snFieldLengthUL">5bit</p>
            <p name="tReord">50ms</p>
          </item>
        </list>
        <list name="rlcProf2">
          <item>
            <p name="pollPdu">64</p>
            <p name="rlcProfileId">2</p>
            <p name="tPollRetr">120ms</p>
            <p name="tProhib">50ms</p>
            <p name="tReord">50ms</p>
          </item>
        </list>
        <list name="rlcProf3">
          <item>
            <p name="pollPdu">64</p>
            <p name="rlcProfileId">3</p>
            <p name="tPollRetr">120ms</p>
            <p name="tProhib">50ms</p>
            <p name="tReord">50ms</p>
          </item>
        </list>
        <list name="rlcProf4">
          <item>
            <p name="pollPdu">64</p>
            <p name="rlcProfileId">4</p>
            <p name="tPollRetr">120ms</p>
            <p name="tProhib">50ms</p>
            <p name="tReord">50ms</p>
          </item>
        </list>
        <list name="rlcProf5">
          <item>
            <p name="pollPdu">64</p>
            <p name="rlcProfileId">5</p>
            <p name="tPollRetr">120ms</p>
            <p name="tProhib">50ms</p>
            <p name="tReord">50ms</p>
          </item>
        </list>
        <p name="actBbuHotelling">false</p>
        <p name="actCSFBRedir">Disabled</p>
        <p name="actCellTrace">false</p>
        <p name="actCiphering">true</p>
        <p name="actConvVoice">true</p>
        <p name="actCsfbPsHoToUtra">false</p>
        <p name="actDistributedSite">false</p>
        <p name="actERabModify">false</p>
        <p name="actETWS">false</p>
        <p name="actEmerCallRedir">Disabled</p>
        <p name="actEnhAcAndGbrServices">true</p>
        <p name="actGsmRedirWithSI">false</p>
        <p name="actHOtoTdscdma">false</p>
        <p name="actHOtoWcdma">false</p>
        <p name="actIMSEmerSessR9">false</p>
        <p name="actIdleLB">false</p>
        <p name="actIfHo">disabled</p>
        <p name="actLTES1Ho">false</p>
        <p name="actLocRep">false</p>
        <p name="actMDTCellTrace">false</p>
        <p name="actMultBearers">true</p>
        <p name="actMultGbrBearers">true</p>
        <p name="actNonGbrServiceDiff">true</p>
        <p name="actOperatorQCI">false</p>
        <p name="actOptMmeSelection">false</p>
        <p name="actPdcpRohc">false</p>
        <p name="actRIMforGSM">false</p>
        <p name="actRedirect">enabled</p>
        <p name="actS1Flex">enabled</p>
        <p name="actS1OlHandling">false</p>
        <p name="actSelMobPrf">false</p>
        <p name="actSrvccToGsm">false</p>
        <p name="actSrvccToWcdma">false</p>
        <p name="actSubscriberTrace">false</p>
        <p name="actUeBasedAnrIntraFreqLte">false</p>
        <p name="actUeBasedAnrUtran">false</p>
        <p name="actZUC">false</p>
        <p name="acteNACCtoGSM">false</p>
        <p name="anrOmExtEnable">true</p>
        <p name="congWeightAlg">qciPrio</p>
        <p name="defProfIdxAM">2</p>
        <p name="defProfIdxUM">104</p>
        <p name="dlOlqcDeltaCqiMax">50</p>
        <p name="enableAutoLock">Enabled</p>
        <p name="enableGrflShdn">Disabled</p>
        <p name="enbName">eNB1</p>
        <p name="etwsPrimNotifBcDur">60</p>
        <p name="keyRefrMarg">50000</p>
        <p name="maxNumPreEmptions">20</p>
        <p name="mcc">262</p>
        <p name="minNotActivatedUtraRSCFS">24</p>
        <p name="mnc">03</p>
        <p name="mncLength">2</p>
        <p name="nRimRirG">3</p>
        <p name="nSrsDtx">50</p>
        <p name="nSrsRec">2</p>
        <p name="nullFallback">true</p>
        <p name="pbrNonGbr">8kBps</p>
        <p name="prioTopoHO">all equal</p>
        <p name="recoveryResetDelay">0</p>
        <p name="s1InducedCellDeactDelayTime">900</p>
        <p name="shutdownStepAmount">6</p>
        <p name="shutdownWindow">60</p>
        <p name="tRimKaG">150</p>
        <p name="tRimPollG">150</p>
        <p name="tRimRirG">5</p>
        <p name="tS1RelPrepG">1000</p>
        <p name="tS1RelPrepL">500</p>
        <p name="tS1RelPrepTd">500</p>
        <p name="tS1RelPrepU">500</p>
        <p name="tagMaxAM">10</p>
        <p name="tagMaxUM">10</p>
        <p name="timDelACContPreempt">100</p>
        <p name="timSuppGtpuErrIndPreempt">500</p>
        <p name="ttiBundlingDuringHoMeas">false</p>
      </managedObject>
      <managedObject class="ADIPNO" distName="MRBTS-147/LNBTS-147/ADIPNO-1" operation="create" version="LNT3.0">
        <p name="mainMmeIpAddrPrim">10.69.47.138</p>
      </managedObject>
      <managedObject class="LNCEL" distName="MRBTS-147/LNBTS-147/LNCEL-37633" operation="create" version="LNT3.0">
        <list name="celResTiF">
          <item>
            <p name="celResTiFHM">0.5</p>
            <p name="celResTiFMM">0.5</p>
          </item>
        </list>
        <list name="dFListPucch">
          <item>
            <p name="dFpucchF1">0</p>
            <p name="dFpucchF1b">1</p>
            <p name="dFpucchF2">0</p>
            <p name="dFpucchF2a">0</p>
            <p name="dFpucchF2b">0</p>
          </item>
        </list>
        <list name="drxProfile1">
          <item>
            <p name="drxProfileIndex">1</p>
            <p name="drxProfilePriority">45</p>
          </item>
        </list>
        <list name="drxProfile101">
          <item>
            <p name="drxInactivityT">10</p>
            <p name="drxLongCycle">40ms</p>
            <p name="drxOnDuratT">6</p>
            <p name="drxProfileIndex">101</p>
            <p name="drxProfilePriority">30</p>
            <p name="drxRetransT">4</p>
          </item>
        </list>
        <list name="drxProfile102">
          <item>
            <p name="drxInactivityT">2560</p>
            <p name="drxLongCycle">1280</p>
            <p name="drxOnDuratT">10</p>
            <p name="drxProfileIndex">102</p>
            <p name="drxProfilePriority">30</p>
            <p name="drxRetransT">6</p>
          </item>
        </list>
        <list name="drxProfile2">
          <item>
            <p name="drxInactivityT">4</p>
            <p name="drxLongCycle">40ms</p>
            <p name="drxOnDuratT">6</p>
            <p name="drxProfileIndex">2</p>
            <p name="drxProfilePriority">40</p>
            <p name="drxRetransT">4</p>
          </item>
        </list>
        <list name="drxProfile3">
          <item>
            <p name="drxInactivityT">10</p>
            <p name="drxLongCycle">80</p>
            <p name="drxOnDuratT">6</p>
            <p name="drxProfileIndex">3</p>
            <p name="drxProfilePriority">30</p>
            <p name="drxRetransT">4</p>
          </item>
        </list>
        <list name="drxProfile4">
          <item>
            <p name="drxInactivityT">500</p>
            <p name="drxLongCycle">320</p>
            <p name="drxOnDuratT">20</p>
            <p name="drxProfileIndex">4</p>
            <p name="drxProfilePriority">20</p>
            <p name="drxRetransT">16</p>
          </item>
        </list>
        <list name="drxProfile5">
          <item>
            <p name="drxInactivityT">2560</p>
            <p name="drxLongCycle">2560</p>
            <p name="drxOnDuratT">20</p>
            <p name="drxProfileIndex">5</p>
            <p name="drxProfilePriority">10</p>
            <p name="drxRetransT">16</p>
          </item>
        </list>
        <list name="periodicUeMeas">
          <item>
            <p name="activateMeas">false</p>
            <p name="measurementType">periodicIntraFreq</p>
            <p name="reportAmount">32</p>
            <p name="reportInterval">10240ms</p>
          </item>
        </list>
        <list name="sib2Scheduling">
          <item>
            <p name="siMessagePeriodicity">160ms</p>
            <p name="siMessageRepetition">1</p>
            <p name="siMessageSibType">SIB2</p>
          </item>
        </list>
        <list name="sib3Scheduling">
          <item>
            <p name="siMessagePeriodicity">160ms</p>
            <p name="siMessageRepetition">1</p>
            <p name="siMessageSibType">SIB3</p>
          </item>
        </list>
        <list name="srsDlMimoModeDepConf">
          <item>
            <p name="beamformingType">beamforming</p>
            <p name="srsBandwidth">3hbw</p>
            <p name="srsUePeriodicity">10ms</p>
          </item>
          <item>
            <p name="beamformingType">nonBeamforming</p>
            <p name="srsBandwidth">3hbw</p>
            <p name="srsUePeriodicity">10ms</p>
          </item>
        </list>
        <list name="tm8MuMimoParSet">
          <item>
            <p name="tm8MuMimoCorrThd">60</p>
            <p name="tm8MuMimoCqiThd">60</p>
          </item>
        </list>
        <p name="a1TimeToTriggerDeactInterMeas">480ms</p>
        <p name="a2TimeToTriggerActGERANMeas">480ms</p>
        <p name="a2TimeToTriggerActInterFreqMeas">1024ms</p>
        <p name="a2TimeToTriggerActWcdmaMeas">notUsed</p>
        <p name="a2TimeToTriggerRedirect">256ms</p>
        <p name="a3Offset">6</p>
        <p name="a3ReportInterval">1024ms</p>
        <p name="a3TimeToTrigger">320ms</p>
        <p name="a5ReportInterval">240ms</p>
        <p name="a5TimeToTrigger">320ms</p>
        <p name="actBfFallback">false</p>
        <p name="actDlsOldtc">true</p>
        <p name="actDlsVoicePacketAgg">true</p>
        <p name="actDrx">false</p>
        <p name="actLdPdcch">false</p>
        <p name="actModulationSchemeUL">16QAMHighMCS</p>
        <p name="actOlLaPdcch">true</p>
        <p name="actOtdoa">false</p>
        <p name="actPdcchLoadGen">false</p>
        <p name="actPrsTxDiv">true</p>
        <p name="actTm8MuMimo">false</p>
        <p name="actTmSwitch">false</p>
        <p name="actTtiBundling">false</p>
        <p name="actUlLnkAdp">eUlLa</p>
        <p name="addAUeRrHo">30</p>
        <p name="addAUeTcHo">40</p>
        <p name="addEmergencySessions">20</p>
        <p name="addGbrTrafficRrHo">5</p>
        <p name="addGbrTrafficTcHo">10</p>
        <p name="addNumDrbRadioReasHo">35</p>
        <p name="addNumDrbTimeCriticalHo">60</p>
        <p name="addNumQci1DrbRadioReasHo">15</p>
        <p name="addNumQci1DrbTimeCriticalHo">20</p>
        <p name="addSpectrEmi">1</p>
        <p name="administrativeState">unlocked</p>
        <p name="anrThresNbCell">40</p>
        <p name="anrUtraRscpThres">47</p>
        <p name="applyOutOfSyncState">extendedDrxOnly</p>
        <p name="bfCqiThDown">90</p>
        <p name="bfCqiThUp">110</p>
        <p name="bfRankThDown">28</p>
        <p name="bfRankThUp">32</p>
        <p name="cellBarred">notBarred</p>
        <p name="cellIndOffServ">0dB</p>
        <p name="cellName">CELL0</p>
        <p name="cellReSelPrio">1</p>
        <p name="cellSrPeriod">20ms</p>
        <p name="chBw">20 MHz</p>
        <p name="cqiAperEnable">true</p>
        <p name="cqiAperMode">FBT2</p>
        <p name="cqiPerNp">20ms</p>
        <p name="cqiPerSbCycK">1</p>
        <p name="cqiPerSimulAck">true</p>
        <p name="dSrTransMax">64n</p>
        <p name="defPagCyc">64rf</p>
        <p name="deltaPreMsg3">3</p>
        <p name="deltaPucchShift">1</p>
        <p name="deltaTfEnabled">false</p>
        <p name="dl64QamEnable">true</p>
        <p name="dlCellPwrRed">0</p>
        <p name="dlInterferenceEnable">false</p>
        <p name="dlInterferenceLevel">0</p>
        <p name="dlInterferenceModulation">QPSK</p>
        <p name="dlInterferenceSpatialMode">TXDiv</p>
        <p name="dlInterferenceTxPowerOffset">0</p>
        <p name="dlInterferenceUpdatePeriod">10</p>
        <p name="dlMimoMode">Dynamic Open Loop MIMO (2x2)</p>
        <p name="dlOlqcEnable">true</p>
        <p name="dlPathlossChg">3 db</p>
        <p name="dlPcfichBoost">0</p>
        <p name="dlPhichBoost">0</p>
        <p name="dlRsBoost">3dB</p>
        <p name="dlSectorBeamformingMode">Sector Beamforming with static weights</p>
        <p name="dlSectorBeamformingWeightMode">8 pipe CMCC mode</p>
        <p name="dlTargetBler">100</p>
        <p name="dlamcCqiDef">2</p>
        <p name="dlamcEnable">true</p>
        <p name="dlpcMimoComp">0</p>
        <p name="dlsDciCch">DCI format 1A</p>
        <p name="dlsFdAlg">PFsch</p>
        <p name="dlsNgap">NGap1</p>
        <p name="dlsOldtcTarget">98</p>
        <p name="dlsSchedType">channelAware</p>
        <p name="dlsUsePartPrb">PRBs with PSS or SSS and PBCH used</p>
        <p name="drxApplyDeviceType">true</p>
        <p name="eCallAcBarred">Not barred</p>
        <p name="eUlLaAtbPeriod">30</p>
        <p name="eUlLaBlerAveWin">30</p>
        <p name="eUlLaDeltaMcs">3</p>
        <p name="eUlLaLowMcsThr">1</p>
        <p name="eUlLaLowPrbThr">1</p>
        <p name="eUlLaPrbIncDecFactor">16</p>
        <p name="earfcn">38350</p>
        <p name="enableAmcPdcch">true</p>
        <p name="enableBetterCellHo">true</p>
        <p name="enableCovHo">true</p>
        <p name="enableDl16Qam">true</p>
        <p name="enableLowAgg">true</p>
        <p name="enablePcPdcch">true</p>
        <p name="filterCoeff">fc4</p>
        <p name="filterCoefficientCSFBCpichEcn0">fc4</p>
        <p name="filterCoefficientCSFBCpichRscp">fc4</p>
        <p name="filterCoefficientCSFBPccpchRscp">fc4</p>
        <p name="filterCoefficientCpichEcn0">fc4</p>
        <p name="filterCoefficientCpichRscp">fc4</p>
        <p name="filterCoefficientPccpchRscp">fc4</p>
        <p name="filterCoefficientRSRP">fc4</p>
        <p name="filterCoefficientRSRQ">fc4</p>
        <p name="filterCoefficientRSSI">fc2</p>
        <p name="gbrCongHandling">l2andl3</p>
        <p name="grpAssigPUSCH">0</p>
        <p name="harqMaxMsg3">4</p>
        <p name="harqMaxTrDl">4</p>
        <p name="harqMaxTrUl">5</p>
        <p name="harqMaxTrUlTtiBundling">8</p>
        <p name="hopBwPusch">1</p>
        <p name="hopModePusch">interSubFrame</p>
        <p name="hysA3Offset">0</p>
        <p name="hysThreshold2GERAN">0</p>
        <p name="hysThreshold2InterFreq">0</p>
        <p name="hysThreshold2Tdscdma">4</p>
        <p name="hysThreshold2Wcdma">0</p>
        <p name="hysThreshold2a">4</p>
        <p name="hysThreshold3">0</p>
        <p name="hysThreshold4">0</p>
        <p name="idleLBPercentageOfUes">0</p>
        <p name="ilReacTimerUl">1500</p>
        <p name="inactivityTimer">300</p>
        <p name="iniMcsDl">4</p>
        <p name="iniMcsUl">5</p>
        <p name="iniPrbsUl">10</p>
        <p name="intrFrqCelRes">allowed</p>
        <p name="intraPresAntP">true</p>
        <p name="lcrId">1</p>
        <p name="maxBitrateDl">170000</p>
        <p name="maxBitrateUl">60000</p>
        <p name="maxCrPgDl">12</p>
        <p name="maxCrRa4Dl">18</p>
        <p name="maxCrRaDl">12</p>
        <p name="maxCrSibDl">12</p>
        <p name="maxGbrTrafficLimit">75</p>
        <p name="maxNrSymPdcch">3</p>
        <p name="maxNumActDrb">720</p>
        <p name="maxNumActUE">200</p>
        <p name="maxNumQci1Drb">60</p>
        <p name="maxNumRrc">200</p>
        <p name="maxNumRrcEmergency">200</p>
        <p name="maxNumUeDl">8</p>
        <p name="maxNumUeDlDwPTS">0</p>
        <p name="maxNumUeUl">8</p>
        <p name="mbrSelector">OaM</p>
        <p name="measQuantityCSFBUtra">cpichRSCP</p>
        <p name="measQuantityUtra">cpichRSCP</p>
        <p name="mimoBfCqiAvg">10</p>
        <p name="mimoBfCqidlComp">30</p>
        <p name="mimoBfdlRiAvg">10</p>
        <p name="mimoBfslCqiThD">120</p>
        <p name="mimoBfslCqiThU">140</p>
        <p name="mimoClCqiThD">70</p>
        <p name="mimoClCqiThU">90</p>
        <p name="mimoClRiThD">28</p>
        <p name="mimoClRiThU">32</p>
        <p name="mimoOlCqiThD">70</p>
        <p name="mimoOlCqiThU">80</p>
        <p name="mimoOlRiThD">28</p>
        <p name="mimoOlRiThU">32</p>
        <p name="minBitrateDl">30</p>
        <p name="minBitrateUl">30</p>
        <p name="mobStateParamNCelChgHgh">8</p>
        <p name="mobStateParamNCelChgMed">8</p>
        <p name="mobStateParamTEval">180s</p>
        <p name="mobStateParamTHystNorm">180s</p>
        <p name="modPeriodCoeff">8</p>
        <p name="n1PucchAn">36</p>
        <p name="n310">n10</p>
        <p name="n311">n1</p>
        <p name="nCqiRb">2</p>
        <p name="nLTEIntraNeighbours">12</p>
        <p name="offsetFreqIntra">0dB</p>
        <p name="p0NomPucch">-100</p>
        <p name="p0NomPusch">-100</p>
        <p name="pMax">37.0</p>
        <p name="pMaxIntraF">34</p>
        <p name="pMaxOwnCell">34</p>
        <p name="pagingNb">oneT</p>
        <p name="pdcchAggDefUe">4</p>
        <p name="pdcchAggMsg4">4</p>
        <p name="pdcchAggPaging">4</p>
        <p name="pdcchAggPreamb">4</p>
        <p name="pdcchAggRaresp">4</p>
        <p name="pdcchAggSib">4</p>
        <p name="pdcchAlpha">16</p>
        <p name="pdcchCqiShift">-50</p>
        <p name="pdcchHarqTargetBler">10</p>
        <p name="pdcchLoadLevel">80</p>
        <p name="pdcchLoadPsdOffset">0</p>
        <p name="pdcchUlDlBal">10</p>
        <p name="periodicCqiFeedbackType">wideband</p>
        <p name="phichDur">Normal</p>
        <p name="phichRes">N = 1/6</p>
        <p name="phyCellId">23</p>
        <p name="prachCS">12</p>
        <p name="prachConfIndex">3</p>
        <p name="prachFreqOff">6</p>
        <p name="prachHsFlag">false</p>
        <p name="prachPwrRamp">4dB</p>
        <p name="preambTxMax">10</p>
        <p name="primPlmnCellres">Not Reserved</p>
        <p name="prohibitTimerTmSwitch">1200ms</p>
        <p name="prsConfigurationIndex">159</p>
        <p name="prsNumDlFrames">1</p>
        <p name="prsPowerBoost">0</p>
        <p name="pucchNAnCs">0</p>
        <p name="puschAckOffI">10</p>
        <p name="puschCqiOffI">8</p>
        <p name="puschHopOffset">6</p>
        <p name="puschRiOffI">3</p>
        <p name="qHyst">1dB</p>
        <p name="qRxLevMinOffset">2</p>
        <p name="qrxlevmin">-130</p>
        <p name="qrxlevminintraF">-130</p>
        <p name="raContResoT">32ms</p>
        <p name="raLargeMcsUl">5</p>
        <p name="raMsgPoffGrB">10 dB</p>
        <p name="raNondedPreamb">40</p>
        <p name="raPreGrASize">32</p>
        <p name="raRespWinSize">10</p>
        <p name="raSmallMcsUl">5</p>
        <p name="raSmallVolUl">144 bits</p>
        <p name="rcAmbrMgnDl">103</p>
        <p name="rcAmbrMgnUl">102</p>
        <p name="rcEnableDl">false</p>
        <p name="rcEnableUl">false</p>
        <p name="redBwEnDl">false</p>
        <p name="redBwMaxRbDl">100</p>
        <p name="redBwMaxRbUl">100</p>
        <p name="redBwMinRbUl">1</p>
        <p name="redBwRpaEnUl">false</p>
        <p name="riEnable">true</p>
        <p name="riPerM">2</p>
        <p name="riPerOffset">0</p>
        <p name="rootSeqIndex">12</p>
        <p name="sIntrasearch">2</p>
        <p name="sNonIntrsearch">2</p>
        <p name="siWindowLen">10ms</p>
        <p name="srbSchedWeightDl">10</p>
        <p name="srbSchedWeightUl">10</p>
        <p name="sriEnable">true</p>
        <p name="srsActivation">true</p>
        <p name="srsBwConf">0bw</p>
        <p name="srsDuration">indefinite</p>
        <p name="srsHoppingBw">0hbw</p>
        <p name="srsOnTwoSymUpPts">true</p>
        <p name="srsPwrOffset">7</p>
        <p name="srsSimAckNack">true</p>
        <p name="srsSubfrConf">sc0</p>
        <p name="stInactFactor">1</p>
        <p name="syncSigTxMode">TxDiv</p>
        <p name="t300">300ms</p>
        <p name="t301">300ms</p>
        <p name="t302">8000</p>
        <p name="t304InterRAT">500ms</p>
        <p name="t304InterRATGsm">500ms</p>
        <p name="t304InterRatTd">500ms</p>
        <p name="t304IntraLte">1000ms</p>
        <p name="t304eNaccGsm">2000ms</p>
        <p name="t310">2000ms</p>
        <p name="t311">3000ms</p>
        <p name="t320">180min</p>
        <p name="tExtendedWait">300</p>
        <p name="tPeriodicBsr">10ms</p>
        <p name="tPeriodicPhr">200sf</p>
        <p name="tProhibitPhr">100sf</p>
        <p name="tReTxBsrTime">320 ms</p>
        <p name="tReselEutr">1</p>
        <p name="tStoreUeCntxt">2000</p>
        <p name="taMaxOffset">52</p>
        <p name="taTimer">10240</p>
        <p name="taTimerMargin">2000</p>
        <p name="tac">666</p>
        <p name="tddFrameConf">2</p>
        <p name="tddSpecSubfConf">5</p>
        <p name="threshSrvLow">2</p>
        <p name="threshold1">90</p>
        <p name="threshold2GERAN">82</p>
        <p name="threshold2InterFreq">52</p>
        <p name="threshold2Wcdma">98</p>
        <p name="threshold2a">89</p>
        <p name="threshold3">30</p>
        <p name="threshold3a">31</p>
        <p name="threshold4">1</p>
        <p name="timeChInfoValid">2000ms</p>
        <p name="timeToTriggerSfHigh">0.5</p>
        <p name="timeToTriggerSfMedium">0.5</p>
        <p name="tm3to7CqiTh">110</p>
        <p name="tm3to8CqiTh">150</p>
        <p name="tm7to3CqiTh">130</p>
        <p name="tm8to3CqiTh">160</p>
        <p name="ttiBundlingBlerTarget">12</p>
        <p name="ttiBundlingBlerThreshold">20</p>
        <p name="ttiBundlingSinrThreshold">10</p>
        <p name="ulCombinationMode">MRC</p>
        <p name="ulRsCs">1</p>
        <p name="ulTargetBler">10</p>
        <p name="ulamcAllTbEn">true</p>
        <p name="ulamcSwitchPer">30</p>
        <p name="ulatbEventPer">1</p>
        <p name="ulpcAlpha">alpha 1</p>
        <p name="ulpcEnable">true</p>
        <p name="ulpcIniPrePwr">-90 dBm</p>
        <p name="ulpcLowlevCch">-103</p>
        <p name="ulpcLowlevSch">-103</p>
        <p name="ulpcLowqualCch">1</p>
        <p name="ulpcLowqualSch">18</p>
        <p name="ulpcPucchEn">true</p>
        <p name="ulpcPuschEn">true</p>
        <p name="ulpcRarespTpc">4</p>
        <p name="ulpcReadPeriod">50</p>
        <p name="ulpcSrsEn">true</p>
        <p name="ulpcUplevCch">-98</p>
        <p name="ulpcUplevSch">-96</p>
        <p name="ulpcUpqualCch">4</p>
        <p name="ulpcUpqualSch">20</p>
        <p name="ulsFdPrbAssignAlg">MixedFD</p>
        <p name="ulsMaxPacketAgg">2</p>
        <p name="ulsMinRbPerUe">3</p>
        <p name="ulsMinTbs">104</p>
        <p name="ulsSchedMethod">channel aware</p>
      </managedObject>
      <managedObject class="REDRT" distName="MRBTS-147/LNBTS-147/LNCEL-37633/REDRT-0" operation="create" version="LNT3.0">
        <list name="redirGeranArfcnValueL"></list>
        <p name="addGsmSIToRedirMsg">both</p>
        <p name="csFallBPrio">4</p>
        <p name="emerCallPrio">6</p>
        <p name="redirBandCdma">notUsed</p>
        <p name="redirFreqCdma">65535</p>
        <p name="redirFreqEutra">12345</p>
        <p name="redirFreqUtra">0</p>
        <p name="redirGeranBandIndicator">notUsed</p>
        <p name="redirRat">utraTDD</p>
        <p name="redirectPrio">5</p>
      </managedObject>
      <managedObject class="PMRNL" distName="MRBTS-147/LNBTS-147/PMRNL-1" operation="create" version="LNT3.0">
        <p name="mtCellAvailability">15min</p>
        <p name="mtCellLoad">15min</p>
        <p name="mtCellRes">15min</p>
        <p name="mtCellThruput">15min</p>
        <p name="mtEPSBearer">15min</p>
        <p name="mtInterSysHo">15min</p>
        <p name="mtInterSysHoGsmNb">15min</p>
        <p name="mtInterSysHoUtranNb">15min</p>
        <p name="mtIntereNBHo">15min</p>
        <p name="mtIntraeNBHo">15min</p>
        <p name="mtLTEHo">15min</p>
        <p name="mtPowQualDL">15min</p>
        <p name="mtPowQualUL">15min</p>
        <p name="mtRRC">15min</p>
        <p name="mtRadBearer">15min</p>
        <p name="mtS1AP">15min</p>
        <p name="mtTranspLoad">15min</p>
        <p name="mtUEandServiceDiff">15min</p>
        <p name="mtUEstate">15min</p>
        <p name="mtX2AP">15min</p>
        <p name="mteNBload">15min</p>
        <p name="mtintraLTEHoNb">15min</p>
      </managedObject>
      <managedObject class="SCTP" distName="MRBTS-147/LNBTS-147/SCTP-1" operation="create" version="LNT3.0">
        <p name="assocMaxRetrans">7</p>
        <p name="maxTimeSctpSetup">130</p>
        <p name="pathMaxRetrans">5</p>
        <p name="rtoMax">30</p>
        <p name="rtoMin">1</p>
        <p name="sctpHeartbeatInterval">30</p>
      </managedObject>
      <managedObject class="PMCADM" distName="MRBTS-147/PMCADM-1" operation="create" version="LNT3.0">
        <p name="reportingIntervalPm">60min</p>
      </managedObject>
      <managedObject class="RMOD" distName="MRBTS-147/RMOD-1" operation="create" version="LNT3.0">
        <list name="connectionList">
          <item>
            <p name="linkId">1</p>
            <p name="positionInChain">1</p>
            <p name="sModId">1</p>
          </item>
        </list>
        <p name="climateControlProfiling">Not Used</p>
        <p name="prodCode">RRU3158-fa</p>
        <p name="rModGpsCableLength">notUsed</p>
        <p name="rModGpsInUse">false</p>
      </managedObject>
      <managedObject class="SMOD" distName="MRBTS-147/SMOD-1" operation="create" version="LNT3.0">
        <p name="climateControlProfiling">Not Used</p>
        <p name="extDualModeSyncMaster">false</p>
        <p name="prodCode">472181A</p>
        <p name="syncMaster">false</p>
        <p name="technology">EUTRA</p>
      </managedObject>
    </cmData>
  </raml>

