<?xml version="1.0" encoding="UTF-8" standalone="no"?>
  <raml xmlns="raml21.xsd" version="2.1">
    <cmData scope="all" type="actual">
      <header>
        <log action="modified" appInfo="AppName" appVersion="LNTT3.0" dateTime="2011-12-27T15:14:12" user="lteulmcpci"/>
      </header>
      <managedObject class="LNBTS" distName="LNBTS-*" operation="update" version="LNT3.0 12.01">
        <list name="calibrationParameters">
          <item>
            <p name="calibrationAntennaCarrier">7</p>
            <p name="calibrationParametersId">1</p>
            <p name="calibrationSetId0">0</p>
            <p name="calibrationSetId1">1</p>
            <p name="calibrationSetId2">9999</p>
            <p name="calibrationSetId3">9999</p>
            <p name="calibrationSetId4">9999</p>
            <p name="calibrationSetId5">9999</p>
            <p name="calibrationSetId6">9999</p>
            <p name="calibrationSetId7">9999</p>
            <p name="rxCalSwitchingDuration">300520</p>
            <p name="txCalSwitchingDuration">298560</p>
          </item>
        </list>
        <list name="calibrationSet">
          <item>
            <p name="antennaBitMap">0</p>
            <p name="calFrameOffset">0</p>
            <p name="calRxTxFlag">not valid</p>
            <p name="calibrationSetID">9999</p>
            <p name="halfFrameIndication">subframe 1</p>
          </item>
          <item>
            <p name="antennaBitMap">255</p>
            <p name="calFrameOffset">800</p>
            <p name="calRxTxFlag">Rx calibration</p>
            <p name="calibrationSetID">0</p>
            <p name="halfFrameIndication">subframe 6</p>
          </item>
          <item>
            <p name="antennaBitMap">255</p>
            <p name="calFrameOffset">880</p>
            <p name="calRxTxFlag">Tx calibration</p>
            <p name="calibrationSetID">1</p>
            <p name="halfFrameIndication">subframe 6</p>
          </item>
        </list>
        <list name="dlInterferenceBFWeightSet">
          <item>
            <p name="beamIdOfWeight">1</p>
            <p name="imagPartofWeighforAnt0">0</p>
            <p name="imagPartofWeighforAnt1">0</p>
            <p name="imagPartofWeighforAnt2">0</p>
            <p name="imagPartofWeighforAnt3">0</p>
            <p name="realPartofWeighforAnt0">10000</p>
            <p name="realPartofWeighforAnt1">10000</p>
            <p name="realPartofWeighforAnt2">10000</p>
            <p name="realPartofWeighforAnt3">10000</p>
          </item>
        </list>
        <list name="dlInterferenceBFWeightSet">
          <item>
            <p name="beamIdOfWeight">1</p>
            <p name="imagPartofWeighforAnt0">0</p>
            <p name="imagPartofWeighforAnt1">0</p>
            <p name="imagPartofWeighforAnt2">0</p>
            <p name="imagPartofWeighforAnt3">0</p>
            <p name="realPartofWeighforAnt0">1</p>
            <p name="realPartofWeighforAnt1">1</p>
            <p name="realPartofWeighforAnt2">1</p>
            <p name="realPartofWeighforAnt3">1</p>
          </item>
        </list>
        <list name="dlSectorBeamformingWeight">
          <item>
            <p name="dlSectorBeamformingWeightModeId">0</p>
            <p name="weightId0forAntenna0">0</p>
            <p name="weightId1forAntenna1">1</p>
            <p name="weightId2forAntenna2">1</p>
            <p name="weightId3forAntenna3">2</p>
          </item>
          <item>
            <p name="dlSectorBeamformingWeightModeId">1</p>
            <p name="weightId0forAntenna0">1</p>
            <p name="weightId1forAntenna1">1</p>
            <p name="weightId2forAntenna2">1</p>
            <p name="weightId3forAntenna3">1</p>
          </item>
          <item>
            <p name="dlSectorBeamformingWeightModeId">2</p>
            <p name="weightId0forAntenna0">1</p>
            <p name="weightId1forAntenna1">3</p>
            <p name="weightId2forAntenna2">3</p>
            <p name="weightId3forAntenna3">3</p>
          </item>
          <item>
            <p name="dlSectorBeamformingWeightModeId">3</p>
            <p name="weightId0forAntenna0">1</p>
            <p name="weightId1forAntenna1">1</p>
            <p name="weightId2forAntenna2">3</p>
            <p name="weightId3forAntenna3">3</p>
          </item>
        </list>
        <list name="pdcchUlDlPrio">
          <item>
            <p name="pdcchUlDlPrioTag1">91</p>
            <p name="pdcchUlDlPrioTag10">37</p>
            <p name="pdcchUlDlPrioTag11">31</p>
            <p name="pdcchUlDlPrioTag12">25</p>
            <p name="pdcchUlDlPrioTag13">19</p>
            <p name="pdcchUlDlPrioTag14">13</p>
            <p name="pdcchUlDlPrioTag15">7</p>
            <p name="pdcchUlDlPrioTag16">23</p>
            <p name="pdcchUlDlPrioTag2">85</p>
            <p name="pdcchUlDlPrioTag3">79</p>
            <p name="pdcchUlDlPrioTag4">73</p>
            <p name="pdcchUlDlPrioTag5">67</p>
            <p name="pdcchUlDlPrioTag6">61</p>
            <p name="pdcchUlDlPrioTag7">55</p>
            <p name="pdcchUlDlPrioTag8">49</p>
            <p name="pdcchUlDlPrioTag9">43</p>
          </item>
        </list>
        <list name="rxPowerScalingFor10MHz">
          <p>13320</p>
          <p>13320</p>
        </list>
        <list name="rxPowerScalingFor15MHz">
          <p>13320</p>
          <p>13320</p>
        </list>
        <list name="rxPowerScalingFor1_4MHz">
          <p>13320</p>
          <p>13320</p>
        </list>
        <list name="rxPowerScalingFor20MHz">
          <p>13320</p>
          <p>13320</p>
        </list>
        <list name="rxPowerScalingFor3MHz">
          <p>13320</p>
          <p>13320</p>
        </list>
        <list name="rxPowerScalingFor5MHz">
          <p>13320</p>
          <p>13320</p>
        </list>
        <list name="sonReportTextList">
          <item>
            <p name="text">CentrAnrInterRatGeran</p>
            <p name="textId">3</p>
          </item>
          <item>
            <p name="text">CentrAnrInterRatUtran</p>
            <p name="textId">2</p>
          </item>
          <item>
            <p name="text">CentrAutoNbEnbAddrConfig</p>
            <p name="textId">1</p>
          </item>
          <item>
            <p name="text">CentrCellOutTriggReset</p>
            <p name="textId">8</p>
          </item>
          <item>
            <p name="text">CentrEnbAutoConfig</p>
            <p name="textId">18</p>
          </item>
          <item>
            <p name="text">CentrLteIntraFreqMobRobustOptimi</p>
            <p name="textId">7</p>
          </item>
          <item>
            <p name="text">CentrOptimiInterRatNbRels</p>
            <p name="textId">21</p>
          </item>
          <item>
            <p name="text">CentrOptimiOfIntraLteNbRels</p>
            <p name="textId">5</p>
          </item>
          <item>
            <p name="text">CentrPciManagement 10</p>
            <p name="textId">9</p>
          </item>
          <item>
            <p name="text">CentrPrachManagement</p>
            <p name="textId">6</p>
          </item>
          <item>
            <p name="text">CentrSynchroOfInterRatNbs</p>
            <p name="textId">4</p>
          </item>
          <item>
            <p name="text">eNbAnrLteFullyUeBased</p>
            <p name="textId">12</p>
          </item>
          <item>
            <p name="text">eNbAnrLteFullyUeBasedIpResolViaMmeAndConfigViaX2</p>
            <p name="textId">17</p>
          </item>
          <item>
            <p name="text">eNbAnrLteFullyUeBasedNbShipReportByUE</p>
            <p name="textId">16</p>
          </item>
          <item>
            <p name="text">eNbAnrLteIpResolViaPciMapTableAndConfigViaX2</p>
            <p name="textId">11</p>
          </item>
          <item>
            <p name="text">eNbAnrLteNbShipReportByUe</p>
            <p name="textId">15</p>
          </item>
          <item>
            <p name="text">eNbAnrUtranFullyUeBased</p>
            <p name="textId">19</p>
          </item>
          <item>
            <p name="text">eNbAnrUtranFullyUeBasedNbShipReportByUE</p>
            <p name="textId">20</p>
          </item>
          <item>
            <p name="text">eNbConfigViaX2</p>
            <p name="textId">14</p>
          </item>
          <item>
            <p name="text">eNbLteIntraFreqLoadBalancing</p>
            <p name="textId">13</p>
          </item>
        </list>
        <list name="weightConfigurationParameters">
          <item>
            <p name="imaginaryPartofWeight">-20</p>
            <p name="realPartofWeight">2986</p>
            <p name="weightId">2</p>
          </item>
          <item>
            <p name="imaginaryPartofWeight">-25</p>
            <p name="realPartofWeight">-6230</p>
            <p name="weightId">0</p>
          </item>
          <item>
            <p name="imaginaryPartofWeight">0</p>
            <p name="realPartofWeight">0</p>
            <p name="weightId">3</p>
          </item>
          <item>
            <p name="imaginaryPartofWeight">0</p>
            <p name="realPartofWeight">10000</p>
            <p name="weightId">1</p>
          </item>
        </list>
        <list name="weightConfigurationParameters">
          <item>
            <p name="imaginaryPartofWeight">0</p>
            <p name="realPartofWeight">3500</p>
            <p name="weightId">0</p>
          </item>
        </list>
        <p name="actFlexBbUsage">false</p>
        <p name="actIMSEmerSessFWAUEs">false</p>
        <p name="actImmHRPD">false</p>
        <p name="actImmXrtt">false</p>
        <p name="actNonGbrQci234">false</p>
        <p name="anrLTEIntraNbCellRSRQThres">16</p>
        <p name="anrLTEIntraRscReportAmount">2</p>
        <p name="anrLTEIntraRscReportInterval">1024ms</p>
        <p name="anrLTEIntraTReportCGI">1200ms</p>
        <p name="anrUtraEcNoThres">13</p>
        <p name="anrUtraTRCGI">8200ms</p>
        <p name="anrUtraTRSC">1024ms</p>
        <p name="b1SupervisionOffset">100</p>
        <p name="calibrationEnabled">true</p>
	<p name="calibrationPeriod">2048</p>
        <p name="cqiAperPollT">10</p>
        <p name="cqiCompSmRi1Cl">-30</p>
        <p name="cqiCompSmRi1Ol">-30</p>
        <p name="cqiCompTdRi2Cl">30</p>
        <p name="cqiCompTdRi2Ol">30</p>
        <p name="cqiPerMode">WidebandCqiOnly</p>
        <p name="cycPrefix">normal</p>
        <p name="deploymentInformation">8_pipe</p>
        <p name="dlOlqcDeltaCqiIni">-5</p>
        <p name="dlOlqcDeltaCqiMin">-135</p>
        <p name="dlOlqcDeltaCqiStepUp">60</p>
        <p name="dlSynchBoost">false</p>
        <p name="dlamcTHistCqi">1000</p>
        <p name="dlsFdPfSchAvgC">200</p>
        <p name="dlsOldtcStepUp">5</p>
        <p name="dlsTputAvgT">50</p>
        <p name="drbAmMxRtxTh">16</p>
        <p name="drbIdThreshold">2</p>
        <p name="emergencyArp">1</p>
        <p name="enaDrxRepGra">true</p>
        <p name="enaDrxWactDl">true</p>
        <p name="enaDrxWactUl">true</p>
        <p name="enaDrxWcqiDl">true</p>
        <p name="enablePhichCtrlUl">true</p>
        <p name="ilMinDatvolUl">4000</p>
        <p name="maxMRnoIntraPciToResolve">50</p>
        <p name="maxMRnoUtraPciToResolve">50</p>
        <p name="maxNumPrbSr">4</p>
        <p name="maxS1ResetRetries">10</p>
        <p name="maxS1SetRetry">10</p>
        <p name="maxX2ResRetry">10</p>
        <p name="maxX2SetRetry">10</p>
        <p name="mimoClCqiAvg">10</p>
        <p name="mimoClCqiComp">30</p>
        <p name="mimoClRiAvg">10</p>
        <p name="mimoOlCqiAvg">10</p>
        <p name="mimoOlCqiComp">30</p>
        <p name="mimoOlRiAvg">10</p>
        <p name="nCqiDtx">50</p>
        <p name="nCqiRec">2</p>
        <p name="npdschEpreOff">0 dB</p>
        <p name="p0UePucch">0</p>
        <p name="p0UePusch">0</p>
        <p name="pdcchClComp">30</p>
        <p name="pdcchCqiAvg">10</p>
        <p name="pdcchCqiHist">50</p>
        <p name="pdcchLowAggTh">10</p>
        <p name="pdcchOlComp">30</p>
        <p name="pdcchPcBoost">40</p>
        <p name="pdcchPcRed">60</p>
        <p name="pdcchPcReloc">30</p>
        <p name="prioHarqDl">1000</p>
        <p name="prioHarqUl">100</p>
        <p name="prioSrUl">50</p>
        <p name="prioSrbDl">10</p>
        <p name="prioSrbUl">10</p>
        <p name="qci1GbrLimit">250</p>
        <p name="qciWeightAlignDl">10</p>
        <p name="qciWeightAlignUl">10</p>
        <p name="raCrntiReuseT">20</p>
        <p name="raLargeVolUl">512</p>
        <p name="rcAvCstDl">1000</p>
        <p name="rcAvCstUl">1000</p>
        <p name="rlpDetEndNUl">3</p>
        <p name="rlpDetEndNoDl">3</p>
        <p name="rlpDetMaxNUl">1000</p>
        <p name="rlpDetMaxNoDl">1000</p>
        <p name="rlpDetMaxTUl">0</p>
        <p name="rlpDetMaxTimeDl">0</p>
        <p name="rohcFullContextCount">1</p>
        <p name="rohcFullHdCount">3</p>
        <p name="rohcHdDecomOmodeEnable">true</p>
        <p name="rohcHdRefreshPeriod">256</p>
        <p name="rohcK1">1</p>
        <p name="rohcK2">2</p>
        <p name="rohcN1">1</p>
        <p name="rohcN2">2</p>
        <p name="rrcGuardTimer">20</p>
        <p name="s1ResetRspTmr">300</p>
        <p name="s1SetupRspTmr">900</p>
        <p name="schedulWeightnonGbrQci234">100</p>
        <p name="sysTimeCorrectValue">10</p>
        <p name="tDataFwdEpc">500</p>
        <p name="tDataFwdS1">250</p>
        <p name="tDataFwdX2">250</p>
        <p name="tEstS1Con">16000</p>
        <p name="tHalfRrcCon">2000</p>
        <p name="tHoOverallD">500</p>
        <p name="tInactiveUtraAnr">60</p>
        <p name="tL2AckRrcRel">2000</p>
        <p name="tS1RelCanG">2000</p>
        <p name="tS1RelCanL">2000</p>
        <p name="tS1RelCanTd">2000</p>
        <p name="tS1RelCanU">2000</p>
        <p name="tS1RelExecDeltL">500</p>
        <p name="tS1RelOvDeltG">1000</p>
        <p name="tS1RelOvDeltL">500</p>
        <p name="tS1RelOvDeltTd">1000</p>
        <p name="tS1RelOvDeltU">1000</p>
        <p name="tX2RelocComp">500</p>
        <p name="tX2RelocExcD">70</p>
        <p name="tX2RelocHold">500</p>
        <p name="tX2RelocPrep">500</p>
        <p name="taCmdMaxRetry">10</p>
        <p name="taOffScheMarg">20</p>
        <p name="tagMarginAM">0</p>
        <p name="tagMarginUM">0</p>
        <p name="teNACCDelta">100</p>
        <p name="ttiBundlingCStepUp">4</p>
        <p name="ttiBundlingDeltaCini">0</p>
        <p name="ttiBundlingDeltaCmax">50</p>
        <p name="ttiBundlingDeltaCmin">-50</p>
        <p name="tx2RelODelta">150</p>
        <p name="txPowerScaling">7336</p>
        <p name="ulGrpHop">false</p>
        <p name="ulSeqHop">false</p>
        <p name="ulamcCStepUp">4</p>
        <p name="ulamcDeltaCini">0</p>
        <p name="ulamcDeltaCmax">50</p>
        <p name="ulamcDeltaCmin">-50</p>
        <p name="ulamcHistMcsT">1000</p>
        <p name="ulamcInactT">200</p>
        <p name="ulamcUpdowngrF">24</p>
        <p name="ulatbPhrAvgF">18</p>
        <p name="ulpcAccuEnable">true</p>
        <p name="ulpcCchavgtcont">200</p>
        <p name="ulpcCchavgtdisc">500</p>
        <p name="ulpcCumpucchmax">127</p>
        <p name="ulpcCumpucchmin">-127</p>
        <p name="ulpcCumpuschmax">127</p>
        <p name="ulpcCumpuschmin">-127</p>
        <p name="ulpcRssiMax">0</p>
        <p name="ulpcRssiMin">-127</p>
        <p name="ulpcSchavgtcont">200</p>
        <p name="ulpcSchavgtdisc">500</p>
        <p name="ulpcSinrMax">40</p>
        <p name="ulpcSinrMin">-40</p>
        <p name="ulpcWfPucchUe">1</p>
        <p name="ulpcWfPucchcell">1</p>
        <p name="ulpcWfPuschUe">1</p>
        <p name="ulpcWfPuschcell">1</p>
        <p name="ulpcWfSrsUe">1</p>
        <p name="ulpcWfSrscell">1</p>
        <p name="ulsInterferenceCst">100</p>
        <p name="ulsNumSchedAreaUl">3</p>
        <p name="ulsSidVolRohcComp">26</p>
        <p name="ulsSidVolUncomp">83</p>
        <p name="ulsSrelFilterCst">240</p>
        <p name="ulsTputAvgT">50</p>
        <p name="ulsTxPowDenConst">18</p>
        <p name="ulsVoipOverhead">10</p>
        <p name="waitTimeEstCtrlX2Lnk">150s</p>
        <p name="x2CfUpRspTmr">80</p>
        <p name="x2ResetRspTmr">100</p>
        <p name="x2SetupRspTmr">50</p>
      </managedObject>
    </cmData>
  </raml>

